{"model_file": "gesture_model_20251225_221453.keras", "version": "20251225_221453", "config": {"epochs": 30, "batch_size": 32}, "dataset": {"train_count": 3899, "validation_count": 688, "test_count": 689}, "train": {"accuracy": 0.9507941603660583, "loss": 0.12228837609291077}, "validation": {"accuracy": 0.9491279125213623, "loss": 0.11852932721376419}, "test": {"accuracy": 0.9477503895759583, "loss": 0.12463022023439407}}